,school_name,address,postal_code,school_type,lat,long
0,ADMIRALTY PRIMARY SCHOOL,11   WOODLANDS CIRCLE,738907,PRIMARY,1.44298589789841,103.800304550731
1,ADMIRALTY SECONDARY SCHOOL,31   WOODLANDS CRESCENT,737916,SECONDARY,1.44589068910993,103.802398196596
2,AHMAD IBRAHIM PRIMARY SCHOOL,10   YISHUN STREET 11,768643,PRIMARY,1.43368120674913,103.832924289687
3,AHMAD IBRAHIM SECONDARY SCHOOL,751  YISHUN AVENUE 7,768928,SECONDARY,1.43623514612253,103.82998645047
4,AI TONG SCHOOL,100  Bright Hill Drive,579646,PRIMARY,1.36073636488519,103.833075654586
5,ALEXANDRA PRIMARY SCHOOL,2A   Prince Charles Crescent,159016,PRIMARY,1.29141244826495,103.824359324379
6,ANCHOR GREEN PRIMARY SCHOOL,31   Anchorvale Drive,544969,PRIMARY,1.39099731986818,103.886918030392
7,ANDERSON PRIMARY SCHOOL,19   ANG MO KIO AVE 9,569785,PRIMARY,1.38419941907925,103.841411716006
8,ANDERSON SECONDARY SCHOOL,10   ANG MO KIO STREET 53,569206,SECONDARY,1.37424218886593,103.851429953072
9,ANDERSON SERANGOON JUNIOR COLLEGE,4500 ANG MO KIO AVENUE 6,569843,JUNIOR COLLEGE,1.37839670972543,103.845885968342
10,ANG MO KIO PRIMARY SCHOOL,20   ANG MO KIO AVENUE 3,569920,PRIMARY,1.36909206497026,103.839041355537
11,ANG MO KIO SECONDARY SCHOOL,6    ANG MO KIO STREET 22,569362,SECONDARY,1.36735900385008,103.842600374475
12,ANGLICAN HIGH SCHOOL,600  UPPER CHANGI ROAD,487012,SECONDARY,1.33062454661529,103.941062122327
13,ANGLO-CHINESE JUNIOR COLLEGE,25   DOVER CLOSE EAST,139745,JUNIOR COLLEGE,1.30328795437358,103.785262975405
14,ANGLO-CHINESE SCHOOL (BARKER ROAD),60   BARKER ROAD,309919,SECONDARY,1.31945060832386,103.835698465252
15,ANGLO-CHINESE SCHOOL (INDEPENDENT),121  DOVER ROAD,139650,MIXED LEVELS,1.30244478759311,103.780249819952
16,ANGLO-CHINESE SCHOOL (JUNIOR),16   WINSTEDT ROAD,227988,PRIMARY,1.30937872352186,103.840789144711
17,ANGLO-CHINESE SCHOOL (PRIMARY),50   BARKER ROAD,309918,PRIMARY,1.31871859882709,103.835345168025
18,ANGSANA PRIMARY SCHOOL,3    Tampines Street 22,529366,PRIMARY,1.34857143331006,103.951673027853
19,ASSUMPTION ENGLISH SCHOOL,622  UPPER BUKIT TIMAH ROAD,678117,SECONDARY,1.36853405374096,103.766675011324
20,ASSUMPTION PATHWAY SCHOOL,30   Cashew Road,679697,SECONDARY,1.37047801891506,103.766799773141
21,BARTLEY SECONDARY SCHOOL,10   JALAN BUNGA RAMPAI,538403,SECONDARY,1.34001742017642,103.882455029785
22,BEACON PRIMARY SCHOOL,36   Bukit Panjang Ring Road,679944,PRIMARY,1.38423667692281,103.773754356751
23,BEATTY SECONDARY SCHOOL,1    TOA PAYOH NORTH,318990,SECONDARY,1.34179051106272,103.852064858056
24,BEDOK GREEN PRIMARY SCHOOL,1    BEDOK SOUTH AVE 2,469317,PRIMARY,1.32399627634455,103.937745022761
25,BEDOK GREEN SECONDARY SCHOOL,360  BEDOK NORTH AVE 3,469722,SECONDARY,1.33382668065759,103.935513154683
26,BEDOK SOUTH SECONDARY SCHOOL,1    JALAN LANGGAR BEDOK,468585,SECONDARY,1.32565341744897,103.950621237692
27,BEDOK VIEW SECONDARY SCHOOL,6    BEDOK SOUTH AVENUE 3,469293,SECONDARY,1.32399939648613,103.943475225073
28,BENDEMEER PRIMARY SCHOOL,91   BENDEMEER ROAD,339948,PRIMARY,1.32197651790133,103.865444845317
29,BENDEMEER SECONDARY SCHOOL,1    ST WILFRED ROAD,327919,SECONDARY,1.32461111307996,103.860970284401
30,BLANGAH RISE PRIMARY SCHOOL,91   TELOK BLANGAH HEIGHTS,109100,PRIMARY,1.27613030444271,103.808639211285
31,BOON LAY GARDEN PRIMARY SCHOOL,20   BOON LAY DRIVE,649930,PRIMARY,1.34284013791617,103.712858381937
32,BOON LAY SECONDARY SCHOOL,11   JURONG WEST STREET 65,648354,SECONDARY,1.34322372271823,103.701702919853
33,BOWEN SECONDARY SCHOOL,2    LORONG NAPIRI,547529,SECONDARY,1.37075107332027,103.87745903968
34,BROADRICK SECONDARY SCHOOL,61   DAKOTA CRESCENT,399935,SECONDARY,1.30750538031989,103.886675419311
35,BUKIT BATOK SECONDARY SCHOOL,50   BUKIT BATOK WEST AVE 8,658962,SECONDARY,1.34835121539207,103.740873402493
36,BUKIT MERAH SECONDARY SCHOOL,10   LENGKOK BAHRU,159050,SECONDARY,1.28575153716321,103.813208356372
37,BUKIT PANJANG GOVT. HIGH SCHOOL,7    CHOA CHU KANG AVE 4,689809,SECONDARY,1.38213672186466,103.738134418559
38,BUKIT PANJANG PRIMARY SCHOOL,109  CASHEW ROAD,679676,PRIMARY,1.37350089986584,103.769417337654
39,BUKIT TIMAH PRIMARY SCHOOL,111  Lorong Kismis,598112,PRIMARY,1.3377498622588,103.766855344779
40,BUKIT VIEW PRIMARY SCHOOL,18   BUKIT BATOK STREET 21,659634,PRIMARY,1.34594524614786,103.753588844734
41,BUKIT VIEW SECONDARY SCHOOL,16   BUKIT BATOK STREET 21,659633,SECONDARY,1.34572315130521,103.752277765539
42,CANBERRA PRIMARY SCHOOL,21   ADMIRALTY DRIVE,757714,PRIMARY,1.45081993926999,103.815714090629
43,CANBERRA SECONDARY SCHOOL,51   SEMBAWANG DRIVE,757699,SECONDARY,1.4532797110912,103.814470689411
44,CANOSSA CATHOLIC PRIMARY SCHOOL,1    Sallim Road,387621,PRIMARY,1.32651105993099,103.88175693878
45,CANTONMENT PRIMARY SCHOOL,1    Cantonment Close,88256,PRIMARY,1.27550544136483,103.839922725842
46,CASUARINA PRIMARY SCHOOL,30   PASIR RIS ST 41,518935,PRIMARY,1.3727890164636,103.957291273316
47,CATHOLIC HIGH SCHOOL,9    BISHAN STREET 22,579767,MIXED LEVELS,1.35470513163642,103.844204233927
48,CATHOLIC JUNIOR COLLEGE,129  WHITLEY ROAD,297822,JUNIOR COLLEGE,1.3246487707627,103.835551429266
49,CEDAR GIRLS' SECONDARY SCHOOL,1    CEDAR AVENUE,349692,SECONDARY,1.33452736490158,103.873791000408
50,CEDAR PRIMARY SCHOOL,15   CEDAR AVENUE,349700,PRIMARY,1.33566084356265,103.87562006259
51,CHANGKAT CHANGI SECONDARY SCHOOL,23   SIMEI ST 3,529894,SECONDARY,1.34036113973242,103.952725093811
52,CHANGKAT PRIMARY SCHOOL,11   SIMEI ST 3,529896,PRIMARY,1.34020800809178,103.952183401477
53,CHIJ (KATONG) PRIMARY,17   MARTIA ROAD,424821,PRIMARY,1.30652686240002,103.910921580015
54,CHIJ (KELLOCK),1    Bukit Teresa Road,99757,PRIMARY,1.27484459976547,103.828069566486
55,CHIJ KATONG CONVENT,346  MARINE TERRACE,449150,SECONDARY,1.30659722378096,103.917754219162
56,CHIJ OUR LADY OF GOOD COUNSEL,2C   Burghley Drive,558979,PRIMARY,1.35795142682271,103.86425016247
57,CHIJ OUR LADY OF THE NATIVITY,1257 UPPER SERANGOON ROAD,534793,PRIMARY,1.37317401669511,103.897659384616
58,CHIJ OUR LADY QUEEN OF PEACE,4    Chestnut Drive,679287,PRIMARY,1.36675801448842,103.767694820161
59,CHIJ PRIMARY (TOA PAYOH),628  Lorong 1 Toa Payoh,319765,PRIMARY,1.33281815279665,103.841918376501
60,CHIJ SECONDARY (TOA PAYOH),626  LORONG 1 TOA PAYOH,319764,SECONDARY,1.33246212981448,103.842719447087
61,CHIJ ST. JOSEPH'S CONVENT,62   SENGKANG EAST WAY,548595,SECONDARY,1.3917809913189,103.902577350084
62,CHIJ ST. NICHOLAS GIRLS' SCHOOL,501  ANG MO KIO STREET 13,569405,MIXED LEVELS,1.37371420130949,103.834273723206
63,CHIJ ST. THERESA'S CONVENT,160  LOWER DELTA ROAD,99138,SECONDARY,1.2760292483542,103.822343903425
64,CHONGFU SCHOOL,170  YISHUN AVENUE 6,768959,PRIMARY,1.43846231168609,103.839070707702
65,CHONGZHENG PRIMARY SCHOOL,1    TAMPINES STREET 21,529392,PRIMARY,1.35061130568554,103.951317297552
66,CHRIST CHURCH SECONDARY SCHOOL,20   WOODLANDS DRIVE 17,737924,SECONDARY,1.42644768051241,103.793381860597
67,CHUA CHU KANG PRIMARY SCHOOL,20   CHOA CHU KANG AVENUE 2,689905,PRIMARY,1.3776786800641,103.741924742722
68,CHUA CHU KANG SECONDARY SCHOOL,3    TECK WHYE CRESCENT,688845,SECONDARY,1.38327483805564,103.7520245177
69,CHUNG CHENG HIGH SCHOOL (MAIN),50   GOODMAN ROAD,439012,SECONDARY,1.30538113074206,103.890736561568
70,CHUNG CHENG HIGH SCHOOL (YISHUN),11   YISHUN STREET 61,768547,SECONDARY,1.41874603005991,103.837319288919
71,CLEMENTI PRIMARY SCHOOL,8    CLEMENTI AVE 3,129903,PRIMARY,1.31580856291997,103.76305484091
72,CLEMENTI TOWN SECONDARY SCHOOL,10   CLEMENTI AVE 3,129904,SECONDARY,1.31547497364052,103.762078703822
73,COMMONWEALTH SECONDARY SCHOOL,698  WEST COAST ROAD,608784,SECONDARY,1.31912807800574,103.745755485653
74,COMPASSVALE PRIMARY SCHOOL,21   COMPASSVALE ST,545091,PRIMARY,1.39452983148325,103.897864767116
75,COMPASSVALE SECONDARY SCHOOL,51   COMPASSVALE CRESCENT,545083,SECONDARY,1.39621757536017,103.899872150641
76,CONCORD PRIMARY SCHOOL,3    CHOA CHU KANG AVE 4,689814,PRIMARY,1.38026516111464,103.736554295636
77,CORPORATION PRIMARY SCHOOL,31   JURONG WEST STREET 24,648347,PRIMARY,1.35148548772662,103.707578404944
78,CRESCENT GIRLS' SCHOOL,357  TANGLIN ROAD,247961,SECONDARY,1.29330511431308,103.817634802634
79,CREST SECONDARY SCHOOL,561  JURONG EAST STREET 24,609561,SECONDARY,1.34355502294458,103.742543051925
80,DAMAI PRIMARY SCHOOL,52   BEDOK RESERVOIR CRESCENT,479226,PRIMARY,1.33524602829747,103.921286435321
81,DAMAI SECONDARY SCHOOL,4800 BEDOK RESERVOIR ROAD,479229,SECONDARY,1.33754547956437,103.926417064488
82,DAZHONG PRIMARY SCHOOL,35   BUKIT BATOK STREET 31,659441,PRIMARY,1.35899958489032,103.748123918324
83,DE LA SALLE SCHOOL,11   Choa Chu Kang St 52,689285,PRIMARY,1.39507191622876,103.743443644259
84,DEYI SECONDARY SCHOOL,1    ANG MO KIO STREET 42,569277,SECONDARY,1.36734742078765,103.851936118929
85,DUNEARN SECONDARY SCHOOL,21   BUKIT BATOK WEST AVENUE 2,659204,SECONDARY,1.36363809340289,103.745003319776
86,DUNMAN HIGH SCHOOL,10   TANJONG RHU ROAD,436895,MIXED LEVELS,1.29912530389464,103.882861736316
87,DUNMAN SECONDARY SCHOOL,21   TAMPINES STREET 45,529093,SECONDARY,1.3605475096799,103.956207278726
88,EAST SPRING PRIMARY SCHOOL,31   TAMPINES ST 33,529258,PRIMARY,1.35304104609341,103.961797146297
89,EAST SPRING SECONDARY SCHOOL,30   TAMPINES STREET 34,529231,SECONDARY,1.35675829971051,103.961104820719
90,EDGEFIELD PRIMARY SCHOOL,41   EDGEFIELD PLAINS,828869,PRIMARY,1.40029783476901,103.907430522021
91,EDGEFIELD SECONDARY SCHOOL,36   PUNGGOL FIELD,828814,SECONDARY,1.40017929451502,103.902141221507
92,ELIAS PARK PRIMARY SCHOOL,11   PASIR RIS STREET 52,518866,PRIMARY,1.37505696315817,103.945289416873
93,ENDEAVOUR PRIMARY SCHOOL,10   Admiralty Link,757521,PRIMARY,1.45388170417263,103.817174701639
94,EUNOIA JUNIOR COLLEGE,2    Sin Ming Place,573838,JUNIOR COLLEGE,1.36245430133913,103.840484012323
95,EUNOS PRIMARY SCHOOL,95   JALAN EUNOS,419529,PRIMARY,1.32438836310047,103.904374791251
96,EVERGREEN PRIMARY SCHOOL,31   WOODLANDS CIRCLE,738908,PRIMARY,1.44414835451585,103.794545295922
97,EVERGREEN SECONDARY SCHOOL,11   WOODLANDS STREET 83,738489,SECONDARY,1.44122083775062,103.793771501303
98,FAIRFIELD METHODIST SCHOOL (PRIMARY),100  DOVER ROAD,139648,PRIMARY,1.30100441916733,103.785455606827
99,FAIRFIELD METHODIST SCHOOL (SECONDARY),102  DOVER ROAD,139649,SECONDARY,1.30192088406781,103.784368149041
100,FAJAR SECONDARY SCHOOL,31   GANGSA ROAD,678972,SECONDARY,1.37556539191054,103.763881894509
101,FARRER PARK PRIMARY SCHOOL,2    FARRER PARK ROAD,217567,PRIMARY,1.31250416162069,103.850902684573
102,FENGSHAN PRIMARY SCHOOL,307  BEDOK NORTH ROAD,469680,PRIMARY,1.33032495471395,103.931885376418
103,FERN GREEN PRIMARY SCHOOL,70   Fernvale Link,797538,PRIMARY,1.39788001374912,103.880016906159
104,FERNVALE PRIMARY SCHOOL,1    Fernvale Lane,797701,PRIMARY,1.39028723696761,103.874208302244
105,FIRST TOA PAYOH PRIMARY SCHOOL,7    LORONG 8 TOA PAYOH,319252,PRIMARY,1.34073138516358,103.855753390523
106,FRONTIER PRIMARY SCHOOL,20   Jurong West Street 61,648200,PRIMARY,1.33664853395126,103.699886714517
107,FUCHUN PRIMARY SCHOOL,23   WOODLANDS AVENUE 1,739063,PRIMARY,1.43063976776382,103.778175192579
108,FUCHUN SECONDARY SCHOOL,21   WOODLANDS AVENUE 1,739062,SECONDARY,1.4308339876894,103.777147999502
109,FUHUA PRIMARY SCHOOL,65   JURONG EAST STREET 13,609647,PRIMARY,1.33659726465816,103.736089481883
110,FUHUA SECONDARY SCHOOL,5    JURONG WEST STREET 41,649410,SECONDARY,1.34687989714198,103.726759673876
111,GAN ENG SENG PRIMARY SCHOOL,100  REDHILL CLOSE,158901,PRIMARY,1.28595539341476,103.815228207863
112,GAN ENG SENG SCHOOL,1    HENDERSON ROAD,159561,SECONDARY,1.28907114458398,103.823733672546
113,GEYLANG METHODIST SCHOOL (PRIMARY),4    Geylang East Central,389706,PRIMARY,1.31814416827374,103.883628501601
114,GEYLANG METHODIST SCHOOL (SECONDARY),2    GEYLANG EAST CENTRAL,389705,SECONDARY,1.31765897065966,103.882503652358
115,GONGSHANG PRIMARY SCHOOL,1    TAMPINES STREET 42,529176,PRIMARY,1.35711606790292,103.949144797277
116,GREENDALE PRIMARY SCHOOL,50   Edgedale Plains,828848,PRIMARY,1.39649446838292,103.912464014072
117,GREENDALE SECONDARY SCHOOL,51   EDGEDALE PLAINS,828866,SECONDARY,1.397280800154,103.911575840457
118,GREENRIDGE PRIMARY SCHOOL,11   JELAPANG ROAD,677744,PRIMARY,1.3858737543113,103.767814630258
119,GREENRIDGE SECONDARY SCHOOL,32   BUKIT PANJANG RING ROAD,679938,SECONDARY,1.38192418627032,103.773616966157
120,GREENWOOD PRIMARY SCHOOL,11   WOODLANDS  DR  62,737942,PRIMARY,1.44011049774911,103.804629295565
121,GUANGYANG PRIMARY SCHOOL,6    Bishan Street 12,579806,PRIMARY,1.34604265945532,103.84928476911
122,GUANGYANG SECONDARY SCHOOL,8    BISHAN STREET 12,579807,SECONDARY,1.34467325334688,103.850550225186
123,HAI SING CATHOLIC SCHOOL,9    PASIR RIS DRIVE 6,519421,SECONDARY,1.37463820319777,103.954751280409
124,HAIG GIRLS' SCHOOL,51   Koon Seng Road,427072,PRIMARY,1.31177205868768,103.902655494254
125,HENRY PARK PRIMARY SCHOOL,1    HOLLAND GROVE ROAD,278790,PRIMARY,1.31672581051651,103.78420830194
126,HILLGROVE SECONDARY SCHOOL,10   BUKIT BATOK STREET 52,659250,SECONDARY,1.35273549434773,103.753052391686
127,HOLY INNOCENTS' HIGH SCHOOL,1191 UPPER SERANGOON ROAD,534786,SECONDARY,1.37121506515605,103.896026606821
128,HOLY INNOCENTS' PRIMARY SCHOOL,5    Lorong Low Koon,536451,PRIMARY,1.3667378414426,103.893684148327
129,HONG WEN SCHOOL,30   TOWNER ROAD,327829,PRIMARY,1.32168928544376,103.857651758668
130,HORIZON PRIMARY SCHOOL,61   Edgedale Plains,828819,PRIMARY,1.40022484318565,103.912899821512
131,HOUGANG PRIMARY SCHOOL,1    HOUGANG ST 93,534238,PRIMARY,1.3780398609897,103.881166249315
132,HOUGANG SECONDARY SCHOOL,2    HOUGANG STREET 93,534256,SECONDARY,1.37815588001477,103.881871598244
133,HUA YI SECONDARY SCHOOL,60   JURONG WEST ST 42,649371,SECONDARY,1.35235629697621,103.721726596827
134,HUAMIN PRIMARY SCHOOL,21   YISHUN AVENUE 11,768857,PRIMARY,1.42684652878862,103.844563832366
135,HWA CHONG INSTITUTION,661  BUKIT TIMAH ROAD,269734,MIXED LEVELS,1.32641748489126,103.803418428289
136,INNOVA PRIMARY SCHOOL,80   Woodlands Drive 17,737888,PRIMARY,1.42918459185656,103.790557056487
137,JIEMIN PRIMARY SCHOOL,2    YISHUN STREET 71,768515,PRIMARY,1.42764685183222,103.830480360286
138,JING SHAN PRIMARY SCHOOL,5    ANG MO KIO ST 52,569228,PRIMARY,1.37196445720109,103.851763531681
139,JUNYUAN PRIMARY SCHOOL,2    Tampines Street 91,528906,PRIMARY,1.34769172206039,103.939695143887
140,JUNYUAN SECONDARY SCHOOL,11   TAMPINES STREET 84,528933,SECONDARY,1.35334124083263,103.933411373045
141,JURONG PIONEER JUNIOR COLLEGE,21   Teck Whye Walk,688258,JUNIOR COLLEGE,1.38460949099614,103.753932798395
142,JURONG PRIMARY SCHOOL,320  JURONG EAST Street 32,609476,PRIMARY,1.34868451151937,103.732974782772
143,JURONG SECONDARY SCHOOL,31   YUAN CHING ROAD,618652,SECONDARY,1.33014735400654,103.72409968506
144,JURONG WEST PRIMARY SCHOOL,30   JURONG WEST ST 61,648368,PRIMARY,1.33901153395591,103.698965552387
145,JURONG WEST SECONDARY SCHOOL,61   JURONG WEST STREET 65,648348,SECONDARY,1.33525634519937,103.702098132579
146,JURONGVILLE SECONDARY SCHOOL,202  JURONG EAST AVENUE 1,609790,SECONDARY,1.3515495585791,103.729112686371
147,JUYING PRIMARY SCHOOL,31   JURONG WEST STREET 91,649037,PRIMARY,1.3388763709006,103.687889547387
148,JUYING SECONDARY SCHOOL,33   JURONG WEST STREET 91,649038,SECONDARY,1.33817883513509,103.687206505485
149,KEMING PRIMARY SCHOOL,90   BUKIT BATOK EAST AVENUE 6,659762,PRIMARY,1.34524505261969,103.756264470434
150,KENT RIDGE SECONDARY SCHOOL,147  WEST COAST ROAD,127368,SECONDARY,1.3013528870229,103.764927513408
151,KHENG CHENG SCHOOL,15   LORONG 3 TOA PAYOH,319580,PRIMARY,1.33740763550641,103.847761130585
152,KONG HWA SCHOOL,350  GUILLEMARD ROAD,399772,PRIMARY,1.31102090083438,103.888166616683
153,KRANJI PRIMARY SCHOOL,11   CHOA CHU KANG STREET 54,689189,PRIMARY,1.39421785057099,103.747104202255
154,KRANJI SECONDARY SCHOOL,61   CHOA CHU KANG STREET 51,689333,SECONDARY,1.39004038830493,103.741091095437
155,KUO CHUAN PRESBYTERIAN PRIMARY SCHOOL,8    BISHAN STREET 13,579793,PRIMARY,1.34938435588389,103.855170750176
156,KUO CHUAN PRESBYTERIAN SECONDARY SCHOOL,10   BISHAN STREET 13,579795,SECONDARY,1.35010964809552,103.854891668362
157,LAKESIDE PRIMARY SCHOOL,161  Corporation Walk,618310,PRIMARY,1.33837570310394,103.718050539055
158,LIANHUA PRIMARY SCHOOL,2    BUKIT BATOK STREET 52,659243,PRIMARY,1.35415506887673,103.754210374853
159,LOYANG VIEW SECONDARY SCHOOL,12   PASIR RIS STREET 11,519073,SECONDARY,1.36665831773121,103.958066437297
160,MAHA BODHI SCHOOL,10   UBI AVENUE 1,408931,PRIMARY,1.32858023873554,103.901306904157
161,MANJUSRI SECONDARY SCHOOL,20   UBI AVENUE 1,408940,SECONDARY,1.32752022209274,103.901811007466
162,MARIS STELLA HIGH SCHOOL,25   MOUNT VERNON ROAD,368051,MIXED LEVELS,1.34139822375509,103.87776938227
163,MARSILING PRIMARY SCHOOL,31   WOODLANDS CENTRE ROAD,738927,PRIMARY,1.4344231166861,103.773697721298
164,MARSILING SECONDARY SCHOOL,12   MARSILING ROAD,739110,SECONDARY,1.43664424769955,103.776008090454
165,MARYMOUNT CONVENT SCHOOL,20   Marymount Road,297754,PRIMARY,1.34043840661368,103.839811736775
166,MAYFLOWER PRIMARY SCHOOL,6    Ang Mo Kio Avenue 2,569948,PRIMARY,1.37606815582917,103.835746732105
167,MAYFLOWER SECONDARY SCHOOL,2    ANG MO KIO STREET 21,569384,SECONDARY,1.36833724573433,103.835438722324
168,MEE TOH SCHOOL,21   EDGEDALE PLAINS,828867,PRIMARY,1.39485356081865,103.90857257736
169,MERIDIAN PRIMARY SCHOOL,20   PASIR RIS ST 71,518798,PRIMARY,1.37550677054835,103.934953276155
170,MERIDIAN SECONDARY SCHOOL,31   PASIR RIS STREET 51,518901,SECONDARY,1.3671073515704,103.949273556351
171,METHODIST GIRLS' SCHOOL (PRIMARY),11   Blackmore Drive,599986,PRIMARY,1.33266213599636,103.783382114018
172,METHODIST GIRLS' SCHOOL (SECONDARY),11   BLACKMORE DRIVE,599986,SECONDARY,1.33266213599636,103.783382114018
173,MILLENNIA INSTITUTE,60   Bukit Batok West Avenue 8,658965,CENTRALISED INSTITUTE,1.35031929565511,103.741593553753
174,MONTFORT JUNIOR SCHOOL,52   HOUGANG AVENUE 8,538786,PRIMARY,1.37362445234082,103.889741457901
175,MONTFORT SECONDARY SCHOOL,50   HOUGANG AVENUE 8,538785,SECONDARY,1.37395067790905,103.888859849008
176,NAN CHIAU HIGH SCHOOL,20   ANCHORVALE LINK,545079,SECONDARY,1.38868744166162,103.890286215943
177,NAN CHIAU PRIMARY SCHOOL,50   ANCHORVALE LINK,545080,PRIMARY,1.39206468503473,103.890924976943
178,NAN HUA HIGH SCHOOL,41   CLEMENTI AVENUE 1,129956,SECONDARY,1.30814121110616,103.769015435345
179,NAN HUA PRIMARY SCHOOL,30   Jalan Lempeng,128806,PRIMARY,1.31983663784769,103.761403957527
180,NANYANG GIRLS' HIGH SCHOOL,2    LINDEN DRIVE,288683,SECONDARY,1.33068756966784,103.802385418763
181,NANYANG JUNIOR COLLEGE,128  SERANGOON AVENUE 3,556111,JUNIOR COLLEGE,1.35028314921863,103.86649872164
182,NANYANG PRIMARY SCHOOL,52   KING'S ROAD,268097,PRIMARY,1.32107094241153,103.807681852799
183,NATIONAL JUNIOR COLLEGE,37   HILLCREST ROAD,288913,MIXED LEVELS,1.33042992800755,103.804458713785
184,NAVAL BASE PRIMARY SCHOOL,7    YISHUN AVE 4,769028,PRIMARY,1.41590195697649,103.839100590207
185,NAVAL BASE SECONDARY SCHOOL,901  YISHUN RING ROAD,768689,SECONDARY,1.41924529293611,103.831044083051
186,NEW TOWN PRIMARY SCHOOL,300  Tanglin Halt Road,148812,PRIMARY,1.29981138884057,103.799964819895
187,NEW TOWN SECONDARY SCHOOL,1020 DOVER ROAD,139657,SECONDARY,1.30998631560773,103.773248973337
188,NGEE ANN PRIMARY SCHOOL,344  MARINE TERRACE,449149,PRIMARY,1.30553224180437,103.917570005713
189,NGEE ANN SECONDARY SCHOOL,1    TAMPINES STREET 32,529283,SECONDARY,1.35439823902076,103.956744685155
190,NORTH SPRING PRIMARY SCHOOL,1    RIVERVALE STREET,545088,PRIMARY,1.38752823629059,103.903512956253
191,NORTH VIEW PRIMARY SCHOOL,210  YISHUN AVENUE 6,768960,PRIMARY,1.42745159462566,103.848378442893
192,NORTH VISTA PRIMARY SCHOOL,20   Compassvale Link,544974,PRIMARY,1.38255066171151,103.89626457548
193,NORTH VISTA SECONDARY SCHOOL,11   RIVERVALE LINK,545081,SECONDARY,1.38125201421054,103.898926885819
194,NORTHBROOKS SECONDARY SCHOOL,585  YISHUN RING ROAD,768692,SECONDARY,1.42088102487937,103.845060254432
195,NORTHLAND PRIMARY SCHOOL,15   YISHUN AVENUE 4,769026,PRIMARY,1.42130404159807,103.840792923345
196,NORTHLAND SECONDARY SCHOOL,3    YISHUN STREET 22,768578,SECONDARY,1.43573962048442,103.840104687873
197,NORTHLIGHT SCHOOL,151  Towner Road,327830,SECONDARY,1.31982824931405,103.856326613258
198,NORTHOAKS PRIMARY SCHOOL,61   Sembawang Drive,757622,PRIMARY,1.45732867302094,103.814075611175
199,NORTHSHORE PRIMARY SCHOOL,30   Northshore Drive,828671,PRIMARY,1.41842322079348,103.905147201163
200,NUS HIGH SCHOOL OF MATHEMATICS AND SCIENCE,20   Clementi Avenue 1,129957,MIXED LEVELS,1.30662098788484,103.769412493042
201,OASIS PRIMARY SCHOOL,71   Edgefield Plains,828716,PRIMARY,1.40507184758584,103.911200193835
202,OPERA ESTATE PRIMARY SCHOOL,48   FIDELIO STREET,458436,PRIMARY,1.31996876377748,103.923752668632
203,ORCHID PARK SECONDARY SCHOOL,10   YISHUN STREET 81,768454,SECONDARY,1.41488818714439,103.838334919821
204,OUTRAM SECONDARY SCHOOL,3    YORK HILL,168622,SECONDARY,1.28638748563468,103.83707282942
205,PALM VIEW PRIMARY SCHOOL,150  Compassvale Bow,544822,PRIMARY,1.38384076410294,103.891215105298
206,PARK VIEW PRIMARY SCHOOL,60   PASIR RIS DRIVE 1,519524,PRIMARY,1.37801687647812,103.9392021807
207,PASIR RIS CREST SECONDARY SCHOOL,11   PASIR RIS STREET 41,518934,SECONDARY,1.37234390824993,103.959362578923
208,PASIR RIS PRIMARY SCHOOL,5    PASIR RIS STREET 21,518968,PRIMARY,1.37245132722087,103.962922699031
209,PASIR RIS SECONDARY SCHOOL,390  TAMPINES STREET 21,529400,SECONDARY,1.35463956600893,103.948614671461
210,PAYA LEBAR METHODIST GIRLS' SCHOOL (PRIMARY),298  LORONG AH SOO,536741,PRIMARY,1.3502545600894,103.884846876112
211,PAYA LEBAR METHODIST GIRLS' SCHOOL (SECONDARY),296  LOR AH SOO,536742,SECONDARY,1.35080512809598,103.885586605006
212,PEI CHUN PUBLIC SCHOOL,16   LORONG 7 TOA PAYOH,319320,PRIMARY,1.33677864390672,103.855341310212
213,PEI HWA PRESBYTERIAN PRIMARY SCHOOL,7    PEI WAH AVENUE,597610,PRIMARY,1.33807302121151,103.776250903095
214,PEI HWA SECONDARY SCHOOL,21   FERNVALE LINK,797702,SECONDARY,1.39038045690064,103.878593470104
215,PEI TONG PRIMARY SCHOOL,15   CLEMENTI AVENUE 5,129857,PRIMARY,1.31666529308968,103.767438999533
216,PEICAI SECONDARY SCHOOL,10   SERANGOON AVENUE 4,556094,SECONDARY,1.35927324855325,103.870492278166
217,PEIRCE SECONDARY SCHOOL,10   SIN MING WALK,575566,SECONDARY,1.3661316757859,103.829910355399
218,PEIYING PRIMARY SCHOOL,651  YISHUN RING ROAD,768687,PRIMARY,1.41741627551251,103.830143209875
219,PING YI SECONDARY SCHOOL,61   CHAI CHEE STREET,468980,SECONDARY,1.32714028536062,103.920835754422
220,PIONEER PRIMARY SCHOOL,23   JURONG WEST STREET 81,649076,PRIMARY,1.34883617453427,103.695003812477
221,POI CHING SCHOOL,21   TAMPINES STREET 71,529067,PRIMARY,1.35765121877679,103.935246486174
222,PRESBYTERIAN HIGH SCHOOL,5209 ANG MO KIO AVENUE 6,569845,SECONDARY,1.38175437421949,103.842382968794
223,PRINCESS ELIZABETH PRIMARY SCHOOL,30   BUKIT BATOK WEST AVENUE 3,659163,PRIMARY,1.34919098857585,103.740719208011
224,PUNGGOL COVE PRIMARY SCHOOL,52   Sumang Walk,828674,PRIMARY,1.41158455562454,103.89890448429
225,PUNGGOL GREEN PRIMARY SCHOOL,98   Punggol Walk,828772,PRIMARY,1.40172590450528,103.898794262307
226,PUNGGOL PRIMARY SCHOOL,61   HOUGANG AVENUE 8,538787,PRIMARY,1.37820062547641,103.894667159512
227,PUNGGOL SECONDARY SCHOOL,51   EDGEFIELD PLAINS,828870,SECONDARY,1.40212629480045,103.909119265199
228,PUNGGOL VIEW PRIMARY SCHOOL,9    Punggol Place,828845,PRIMARY,1.40505250226058,103.905299026568
229,QIFA PRIMARY SCHOOL,50   WEST COAST AVENUE,128104,PRIMARY,1.3132658326807,103.756629101811
230,QIHUA PRIMARY SCHOOL,5    WOODLANDS STREET 81,738525,PRIMARY,1.44203596557592,103.788339762066
231,QUEENSTOWN PRIMARY SCHOOL,310  MARGARET DR,149303,PRIMARY,1.29552905587752,103.807648475656
232,QUEENSTOWN SECONDARY SCHOOL,1    STRATHMORE ROAD,148800,SECONDARY,1.2935332938077,103.81317546974
233,QUEENSWAY SECONDARY SCHOOL,2A   MARGARET DRIVE,149295,SECONDARY,1.30047516692949,103.80172361393
234,RADIN MAS PRIMARY SCHOOL,1    BUKIT PURMEI AVENUE,99840,PRIMARY,1.27489701529771,103.824115781658
235,RAFFLES GIRLS' PRIMARY SCHOOL,21   Hillcrest Road,289072,PRIMARY,1.33004178068277,103.806397828938
236,RAFFLES GIRLS' SCHOOL (SECONDARY),2    BRADDELL RISE,318871,SECONDARY,1.3428994546147,103.84319823516
237,RAFFLES INSTITUTION,1    RAFFLES INSTITUTION LANE,575954,MIXED LEVELS,1.34576108663813,103.845982874935
238,RED SWASTIKA SCHOOL,350  BEDOK NORTH AVENUE 3,469719,PRIMARY,1.33405659580859,103.934317528484
239,REGENT SECONDARY SCHOOL,50   CHOA CHU KANG NORTH 5,689621,SECONDARY,1.39309408182711,103.750685553271
240,RIVER VALLEY HIGH SCHOOL,6    BOON LAY AVENUE,649961,MIXED LEVELS,1.34459584223718,103.708190688947
241,RIVER VALLEY PRIMARY SCHOOL,2    RIVER VALLEY GREEN,237993,PRIMARY,1.29418347842837,103.836018941571
242,RIVERSIDE PRIMARY SCHOOL,110  Woodlands Crescent,737803,PRIMARY,1.44700426493785,103.801889031334
243,RIVERSIDE SECONDARY SCHOOL,3    WOODLANDS STREET 81,738524,SECONDARY,1.44106359378157,103.78836577797
244,RIVERVALE PRIMARY SCHOOL,80   RIVERVALE DRIVE,545092,PRIMARY,1.39333506298213,103.904545253288
245,ROSYTH SCHOOL,21   Serangoon North Avenue 4,555855,PRIMARY,1.3728583654058,103.87477170399
246,RULANG PRIMARY SCHOOL,6    JURONG WEST STREET 52,649295,PRIMARY,1.34684445616169,103.719009824408
247,"SCHOOL OF SCIENCE AND TECHNOLOGY, SINGAPORE",1    Technology Drive,138572,SECONDARY,1.31316278617555,103.773954126122
248,"SCHOOL OF THE ARTS, SINGAPORE",1    Zubir Said Drive,227968,MIXED LEVELS,1.29935139016521,103.848721814414
249,SEMBAWANG PRIMARY SCHOOL,10   SEMBAWANG DRIVE,757715,PRIMARY,1.4457453096024,103.821152676215
250,SEMBAWANG SECONDARY SCHOOL,30   SEMBAWANG CRESCENT,757704,SECONDARY,1.44531502131387,103.816843258118
251,SENG KANG PRIMARY SCHOOL,21   COMPASSVALE WALK,545166,PRIMARY,1.38925044778224,103.899527879229
252,SENG KANG SECONDARY SCHOOL,10   COMPASSVALE LANE,545090,SECONDARY,1.38609933038598,103.898393057284
253,SENGKANG GREEN PRIMARY SCHOOL,15   Fernvale Road,797636,PRIMARY,1.3925400930811,103.874984869551
254,SERANGOON GARDEN SECONDARY SCHOOL,21   SERANGOON NORTH AVENUE 1,555889,SECONDARY,1.3698904842453,103.86914972225
255,SERANGOON SECONDARY SCHOOL,11   UPPER SERANGOON VIEW,534237,SECONDARY,1.37555533250023,103.901910363999
256,SHUQUN PRIMARY SCHOOL,8    JURONG WEST STREET 51,649332,PRIMARY,1.34686967259067,103.721559387203
257,SI LING PRIMARY SCHOOL,61   WOODLANDS AVENUE 1,739067,PRIMARY,1.4326998657579,103.785778769275
258,SINGAPORE CHINESE GIRLS' PRIMARY SCHOOL,190  DUNEARN ROAD,309437,PRIMARY,1.3211164354321,103.828024366958
259,SINGAPORE CHINESE GIRLS' SCHOOL,190  DUNEARN ROAD,309437,SECONDARY,1.3211164354321,103.828024366958
260,SINGAPORE SPORTS SCHOOL,1    Champions Way,737913,MIXED LEVELS,1.42641192959594,103.789436172815
261,SOUTH VIEW PRIMARY SCHOOL,6    Choa Chu Kang Central,689762,PRIMARY,1.38143123987698,103.747153671
262,SPECTRA SECONDARY SCHOOL,1    WOODLANDS DRIVE 64,737758,SECONDARY,1.43643850246342,103.804432703156
263,SPRINGDALE PRIMARY SCHOOL,71   Anchorvale Link,544799,PRIMARY,1.39528544463377,103.889416413501
264,SPRINGFIELD SECONDARY SCHOOL,30   TAMPINES AVENUE 8,529593,SECONDARY,1.34957563160043,103.930218334123
265,ST. ANDREW'S JUNIOR COLLEGE,5    Sorby Adams Drive,357691,JUNIOR COLLEGE,1.33278888819865,103.86348127954
266,ST. ANDREW'S JUNIOR SCHOOL,2    FRANCIS THOMAS DRIVE,359337,PRIMARY,1.33136041631121,103.865178864784
267,ST. ANDREW'S SECONDARY SCHOOL,15   FRANCIS THOMAS DRIVE,359342,SECONDARY,1.33099027392774,103.8659461403
268,ST. ANTHONY'S CANOSSIAN PRIMARY SCHOOL,1602 BEDOK NORTH AVE 4,469701,PRIMARY,1.33480685527666,103.941208873959
269,ST. ANTHONY'S CANOSSIAN SECONDARY SCHOOL,1600 BEDOK NORTH AVENUE 4,469700,SECONDARY,1.33496121372219,103.941668784027
270,ST. ANTHONY'S PRIMARY SCHOOL,30   Bukit Batok St 32,659401,PRIMARY,1.36463912533321,103.749294036695
271,ST. GABRIEL'S PRIMARY SCHOOL,220  Lorong Chuan,556742,PRIMARY,1.34930766795555,103.862309899986
272,ST. GABRIEL'S SECONDARY SCHOOL,24   SERANGOON AVENUE 1,556140,SECONDARY,1.34664416834558,103.875734242964
273,ST. HILDA'S PRIMARY SCHOOL,2    Tampines Ave 3,529706,PRIMARY,1.34967978969837,103.937016363397
274,ST. HILDA'S SECONDARY SCHOOL,2    TAMPINES STREET 82,528986,SECONDARY,1.35037576743342,103.936654688332
275,ST. JOSEPH'S INSTITUTION,38   MALCOLM ROAD,308274,MIXED LEVELS,1.32365560903136,103.828566506127
276,ST. JOSEPH'S INSTITUTION JUNIOR,3    ESSEX ROAD,309331,PRIMARY,1.31781476118551,103.845633334522
277,ST. MARGARET'S PRIMARY SCHOOL,2    Mattar Road,387724,PRIMARY,1.32446975138599,103.881623267693
278,ST. MARGARET'S SECONDARY SCHOOL,111  FARRER ROAD,259240,SECONDARY,1.31977464050584,103.809602215402
279,ST. PATRICK'S SCHOOL,490  EAST COAST ROAD,429058,SECONDARY,1.3080178597206,103.917461756621
280,ST. STEPHEN'S SCHOOL,20   SIGLAP VIEW,455789,PRIMARY,1.31881620631885,103.917526142651
281,STAMFORD PRIMARY SCHOOL,1    VICTORIA LANE,198423,PRIMARY,1.30385959862559,103.856955133139
282,SWISS COTTAGE SECONDARY SCHOOL,3    BUKIT BATOK STREET 34,659322,SECONDARY,1.36433390661249,103.750673669063
283,TAMPINES MERIDIAN JUNIOR COLLEGE,21   Pasir Ris Street 71,518799,JUNIOR COLLEGE,1.37674192921324,103.937553253083
284,TAMPINES NORTH PRIMARY SCHOOL,30   TAMPINES AVENUE 9,529565,PRIMARY,1.36048786025607,103.948768900518
285,TAMPINES PRIMARY SCHOOL,250  TAMPINES STREET 12,529426,PRIMARY,1.3504863946694,103.943573098509
286,TAMPINES SECONDARY SCHOOL,252  TAMPINES ST 12,529427,SECONDARY,1.34943480128048,103.943989096075
287,TANGLIN SECONDARY SCHOOL,301  WEST COAST ROAD,127391,SECONDARY,1.30977347800845,103.758215414315
288,TANJONG KATONG GIRLS' SCHOOL,20   Dunman Lane,439272,SECONDARY,1.3075626184394,103.896107204542
289,TANJONG KATONG PRIMARY SCHOOL,10   Seraya Road,437259,PRIMARY,1.30498489044822,103.899999965407
290,TANJONG KATONG SECONDARY SCHOOL,130  HAIG ROAD,438796,SECONDARY,1.30858337448721,103.897330120868
291,TAO NAN SCHOOL,49   MARINE CRESCENT,449761,PRIMARY,1.30504070009139,103.911132922585
292,TECK GHEE PRIMARY SCHOOL,1    ANG MO KIO STREET 32,569299,PRIMARY,1.36565018546903,103.851009800453
293,TECK WHYE PRIMARY SCHOOL,11   TECK WHYE WALK,688261,PRIMARY,1.38388660469396,103.753924558586
294,TECK WHYE SECONDARY SCHOOL,31   TECK WHYE CRESCENT,688848,SECONDARY,1.38334818086948,103.755182428471
295,TELOK KURAU PRIMARY SCHOOL,50   BEDOK RESERVOIR RD,479239,PRIMARY,1.33109611001931,103.911005345855
296,TEMASEK JUNIOR COLLEGE,22   BEDOK SOUTH ROAD,469278,MIXED LEVELS,1.31846190599674,103.935597970089
297,TEMASEK PRIMARY SCHOOL,501  BEDOK SOUTH AVE 3,469300,PRIMARY,1.31720341663064,103.94575943784
298,TEMASEK SECONDARY SCHOOL,600  UPPER EAST COAST ROAD,465561,SECONDARY,1.31577098514639,103.947147538809
299,TOWNSVILLE PRIMARY SCHOOL,3    ANG MO KIO AVE 10,569730,PRIMARY,1.35994649477568,103.853768994775
300,UNITY PRIMARY SCHOOL,21   CHOA CHU KANG CRESCENT,688268,PRIMARY,1.40278303219036,103.746801233973
301,UNITY SECONDARY SCHOOL,20   CHOA CHU KANG STREET 62,689143,SECONDARY,1.39966040841671,103.745882795532
302,VALOUR PRIMARY SCHOOL,49   Punggol Central,828728,PRIMARY,1.40744168163777,103.898762173662
303,VICTORIA JUNIOR COLLEGE,20   MARINE VISTA,449035,JUNIOR COLLEGE,1.30571796549429,103.919531033331
304,VICTORIA SCHOOL,2    SIGLAP LINK,448880,SECONDARY,1.30835682381158,103.927611509809
305,WATERWAY PRIMARY SCHOOL,70   Punggol Drive,828802,PRIMARY,1.39889261226315,103.918585924582
306,WELLINGTON PRIMARY SCHOOL,10   WELLINGTON CIRCLE,757702,PRIMARY,1.45168517614776,103.822516208087
307,WEST GROVE PRIMARY SCHOOL,1    JURONG WEST ST 72,649223,PRIMARY,1.34471211768915,103.698964212988
308,WEST SPRING PRIMARY SCHOOL,60   Bukit Panjang Ring Road,679946,PRIMARY,1.38917971808454,103.76639772288
309,WEST SPRING SECONDARY SCHOOL,61   SENJA  ROAD,677737,SECONDARY,1.38775648453462,103.760204513277
310,WEST VIEW PRIMARY SCHOOL,31   SENJA ROAD,677742,PRIMARY,1.38378546546228,103.760273432258
311,WESTWOOD PRIMARY SCHOOL,1    Jurong West Street 73,649188,PRIMARY,1.3477109654722,103.700467520791
312,WESTWOOD SECONDARY SCHOOL,11   JURONG WEST STREET 25,648350,SECONDARY,1.3535261354002,103.701604293889
313,WHITE SANDS PRIMARY SCHOOL,2    PASIR RIS ST 11,519075,PRIMARY,1.36563610941695,103.960861814678
314,WHITLEY SECONDARY SCHOOL,30   BISHAN STREET 24,579747,SECONDARY,1.35549462375779,103.842563881195
315,WOODGROVE PRIMARY SCHOOL,2    WOODLANDS DRIVE 14,738079,PRIMARY,1.43273620725049,103.79023031392
316,WOODGROVE SECONDARY SCHOOL,3    WOODLANDS AVENUE 6,738990,SECONDARY,1.42862831485658,103.79630400484
317,WOODLANDS PRIMARY SCHOOL,10   WOODLANDS DRIVE 50,738853,PRIMARY,1.43658270720199,103.791791282236
318,WOODLANDS RING PRIMARY SCHOOL,11   WOODLANDS RING ROAD,738240,PRIMARY,1.43485179380236,103.79741434351
319,WOODLANDS RING SECONDARY SCHOOL,10   WOODLANDS RING ROAD,738239,SECONDARY,1.43611367840374,103.800520528487
320,WOODLANDS SECONDARY SCHOOL,11   MARSILING ROAD,739111,SECONDARY,1.4391833170062,103.774498782083
321,XINGHUA PRIMARY SCHOOL,45   HOUGANG AVENUE 1,538882,PRIMARY,1.35799653782463,103.890216355459
322,XINGNAN PRIMARY SCHOOL,5    JURONG WEST STREET 91,649036,PRIMARY,1.34270639669225,103.687588478681
323,XINMIN PRIMARY SCHOOL,9    HOUGANG AVENUE 8,538784,PRIMARY,1.37176798317468,103.88280991785
324,XINMIN SECONDARY SCHOOL,11   HOUGANG AVENUE 8,538789,SECONDARY,1.3726429004882,103.883050531748
325,XISHAN PRIMARY SCHOOL,8    YISHUN STREET 21,768611,PRIMARY,1.43350145509511,103.838289310553
326,YANGZHENG PRIMARY SCHOOL,15   SERANGOON AVENUE 3,556108,PRIMARY,1.3489768083841,103.868467129954
327,YEW TEE PRIMARY SCHOOL,10   CHOA CHU KANG ST 64,689100,PRIMARY,1.39672603497195,103.751817992962
328,YIO CHU KANG PRIMARY SCHOOL,1    HOUGANG STREET 51,538720,PRIMARY,1.37782270940138,103.885568714764
329,YIO CHU KANG SECONDARY SCHOOL,3063 ANG MO KIO AVENUE 5,569868,SECONDARY,1.37826335261873,103.841809445345
330,YISHUN INNOVA JUNIOR COLLEGE,3    YISHUN RING ROAD,768675,JUNIOR COLLEGE,1.42461884491728,103.829634359313
331,YISHUN PRIMARY SCHOOL,500  YISHUN RING ROAD,768679,PRIMARY,1.43397617334964,103.834050796658
332,YISHUN SECONDARY SCHOOL,4    YISHUN STREET 71,768516,SECONDARY,1.42813201188536,103.828814809222
333,YISHUN TOWN SECONDARY SCHOOL,6    YISHUN STREET 21,768610,SECONDARY,1.43260423932066,103.838011671738
334,YU NENG PRIMARY SCHOOL,56   BEDOK NORTH ST 3,469623,PRIMARY,1.33398037894072,103.932015036296
335,YUAN CHING SECONDARY SCHOOL,103  YUAN CHING ROAD,618654,SECONDARY,1.34189187145685,103.720630790899
336,YUHUA PRIMARY SCHOOL,158  JURONG EAST STREET 24,609558,PRIMARY,1.34291981622016,103.740861148879
337,YUHUA SECONDARY SCHOOL,35   JURONG WEST STREET 41,649406,SECONDARY,1.34721844938907,103.722581522719
338,YUMIN PRIMARY SCHOOL,3    TAMPINES STREET 21,529393,PRIMARY,1.35131569890862,103.950551091373
339,YUSOF ISHAK SECONDARY SCHOOL,11   BUKIT BATOK STREET 25,658712,SECONDARY,1.34233921440623,103.760032628302
340,YUYING SECONDARY SCHOOL,47   HOUGANG AVENUE 1,538884,SECONDARY,1.35693360328577,103.890457624477
341,ZHANGDE PRIMARY SCHOOL,51   Jalan Membina,169485,PRIMARY,1.28421153855474,103.825951884637
342,ZHENGHUA PRIMARY SCHOOL,9    Fajar Road,679002,PRIMARY,1.37942873617052,103.76970317201
343,ZHENGHUA SECONDARY SCHOOL,91   SENJA ROAD,677741,SECONDARY,1.38819702290612,103.765252306514
344,ZHONGHUA PRIMARY SCHOOL,12   SERANGOON AVENUE 4,556095,PRIMARY,1.36026072476019,103.869712517383
345,ZHONGHUA SECONDARY SCHOOL,13   SERANGOON AVENUE 3,556123,SECONDARY,1.34909736057023,103.869800034561
